url_path,views_total,views_unique
/jiyuuchc/lacss,27,13
/jiyuuchc/lacss/tree/main-jax/experiments,6,2
/jiyuuchc/lacss/tree/main-jax/lacss,4,2
/jiyuuchc/lacss/blob/main-jax/experiments/train_supervised.py,4,1
/jiyuuchc/lacss/tree/main-jax,2,1
/jiyuuchc/lacss/blob/main-jax/experiments/cfg_3d.py,1,1
/jiyuuchc/lacss/blob/main-jax/experiments/eval.py,1,1
/jiyuuchc/lacss/blob/main-jax/lacss/losses/common.py,1,1
/jiyuuchc/lacss/blob/main-jax/lacss/train/train.py,1,1
/jiyuuchc/lacss/blob/main-jax/notebooks/grpc.ipynb,1,1
